-- phpMyAdmin SQL Dump
-- version 5.2.1
-- https://www.phpmyadmin.net/
--
-- Servidor: 127.0.0.1
-- Tiempo de generación: 05-03-2024 a las 16:16:59
-- Versión del servidor: 10.4.32-MariaDB
-- Versión de PHP: 8.2.12

SET SQL_MODE = "NO_AUTO_VALUE_ON_ZERO";
START TRANSACTION;
SET time_zone = "+00:00";


/*!40101 SET @OLD_CHARACTER_SET_CLIENT=@@CHARACTER_SET_CLIENT */;
/*!40101 SET @OLD_CHARACTER_SET_RESULTS=@@CHARACTER_SET_RESULTS */;
/*!40101 SET @OLD_COLLATION_CONNECTION=@@COLLATION_CONNECTION */;
/*!40101 SET NAMES utf8mb4 */;

--
-- Base de datos: `hostel_base`
--

-- --------------------------------------------------------

--
-- Estructura de tabla para la tabla `country`
--

CREATE TABLE `country` (
  `id_country` int(11) NOT NULL,
  `name_country` varchar(20) NOT NULL
) ENGINE=InnoDB DEFAULT CHARSET=utf8 COLLATE=utf8_spanish_ci;

--
-- Volcado de datos para la tabla `country`
--

INSERT INTO `country` (`id_country`, `name_country`) VALUES
(1, 'USA');

-- --------------------------------------------------------

--
-- Estructura de tabla para la tabla `nationality`
--

CREATE TABLE `nationality` (
  `id_nationality` int(11) NOT NULL,
  `name_nationality` varchar(20) NOT NULL
) ENGINE=InnoDB DEFAULT CHARSET=utf8 COLLATE=utf8_spanish_ci;

--
-- Volcado de datos para la tabla `nationality`
--

INSERT INTO `nationality` (`id_nationality`, `name_nationality`) VALUES
(1, 'American');

-- --------------------------------------------------------

--
-- Estructura de tabla para la tabla `quien_y_cuando_per`
--

CREATE TABLE `quien_y_cuando_per` (
  `id_q_y_c_per` int(48) NOT NULL,
  `id_quien_act_o_desact` int(11) NOT NULL,
  `id_per_act_o_desact` int(24) NOT NULL,
  `fecha_act_o_desact` timestamp NOT NULL DEFAULT current_timestamp() ON UPDATE current_timestamp(),
  `text_act_o_desact` varchar(250) NOT NULL
) ENGINE=InnoDB DEFAULT CHARSET=utf8 COLLATE=utf8_spanish_ci;

-- --------------------------------------------------------

--
-- Estructura de tabla para la tabla `roles`
--

CREATE TABLE `roles` (
  `id_rol_per` int(11) NOT NULL,
  `name_rol` varchar(20) NOT NULL
) ENGINE=InnoDB DEFAULT CHARSET=utf8 COLLATE=utf8_spanish_ci;

--
-- Volcado de datos para la tabla `roles`
--

INSERT INTO `roles` (`id_rol_per`, `name_rol`) VALUES
(1, 'Super Admin'),
(3, 'Otro');

-- --------------------------------------------------------

--
-- Estructura de tabla para la tabla `sex`
--

CREATE TABLE `sex` (
  `id_sex` int(2) NOT NULL,
  `name_sex` varchar(20) NOT NULL
) ENGINE=InnoDB DEFAULT CHARSET=utf8 COLLATE=utf8_spanish_ci;

--
-- Volcado de datos para la tabla `sex`
--

INSERT INTO `sex` (`id_sex`, `name_sex`) VALUES
(1, 'Male'),
(2, 'Female');

-- --------------------------------------------------------

--
-- Estructura de tabla para la tabla `tb_address`
--

CREATE TABLE `tb_address` (
  `id_address` int(64) NOT NULL,
  `city_address` varchar(20) NOT NULL,
  `id_country` int(11) NOT NULL,
  `post_code_address` int(11) DEFAULT NULL,
  `name_address` varchar(110) DEFAULT NULL
) ENGINE=InnoDB DEFAULT CHARSET=utf8 COLLATE=utf8_spanish_ci;

--
-- Volcado de datos para la tabla `tb_address`
--

INSERT INTO `tb_address` (`id_address`, `city_address`, `id_country`, `post_code_address`, `name_address`) VALUES
(39, 'Caracas', 1, 0, ''),
(40, '.', 1, 0, ''),
(41, 'Caracas', 1, 1010, 'Av Casanova con Calle Villaflor'),
(42, 'Caracas', 1, 1010, '222'),
(43, 'Caracas', 1, 1010, 'Av Casanova con Calle Villaflor');

-- --------------------------------------------------------

--
-- Estructura de tabla para la tabla `tb_data_personal`
--

CREATE TABLE `tb_data_personal` (
  `id_data_per` int(16) NOT NULL,
  `a_phone_per` varchar(40) DEFAULT NULL,
  `b_phone_per` varchar(40) DEFAULT NULL,
  `email_per` varchar(40) NOT NULL,
  `pic_per` varchar(60) DEFAULT NULL,
  `pic_doc_per` varchar(60) DEFAULT NULL,
  `pic_passport_per` varchar(60) DEFAULT NULL
) ENGINE=InnoDB DEFAULT CHARSET=utf8 COLLATE=utf8_spanish_ci;

--
-- Volcado de datos para la tabla `tb_data_personal`
--

INSERT INTO `tb_data_personal` (`id_data_per`, `a_phone_per`, `b_phone_per`, `email_per`, `pic_per`, `pic_doc_per`, `pic_passport_per`) VALUES
(20, '', '', 'jczhotbull@gmail.com', NULL, NULL, NULL),
(21, '04241198683', '654321', 'jczhotbull@gmail.com', NULL, NULL, NULL);

-- --------------------------------------------------------

--
-- Estructura de tabla para la tabla `tb_personal`
--

CREATE TABLE `tb_personal` (
  `id_per` int(11) NOT NULL,
  `doc_per` int(13) NOT NULL,
  `passport_per` varchar(30) DEFAULT NULL,
  `p_name_per` varchar(20) NOT NULL,
  `s_name_per` varchar(20) DEFAULT NULL,
  `p_surname_per` varchar(20) NOT NULL,
  `s_surname_per` varchar(20) DEFAULT NULL,
  `birth_per` date NOT NULL,
  `id_address` int(16) NOT NULL,
  `id_sex` int(2) NOT NULL,
  `id_nationality` int(11) NOT NULL,
  `password_per` varchar(60) NOT NULL,
  `id_rol_per` int(11) NOT NULL,
  `info_send_per` varchar(3) NOT NULL DEFAULT 'No',
  `id_hostel` int(11) NOT NULL,
  `id_data_per` int(16) NOT NULL,
  `per_was_mod` int(1) NOT NULL DEFAULT 0,
  `per_registered_by` int(11) NOT NULL,
  `status` int(1) NOT NULL DEFAULT 1,
  `pass_was_mod` int(1) NOT NULL DEFAULT 0
) ENGINE=InnoDB DEFAULT CHARSET=utf8 COLLATE=utf8_spanish_ci;

--
-- Volcado de datos para la tabla `tb_personal`
--

INSERT INTO `tb_personal` (`id_per`, `doc_per`, `passport_per`, `p_name_per`, `s_name_per`, `p_surname_per`, `s_surname_per`, `birth_per`, `id_address`, `id_sex`, `id_nationality`, `password_per`, `id_rol_per`, `info_send_per`, `id_hostel`, `id_data_per`, `per_was_mod`, `per_registered_by`, `status`, `pass_was_mod`) VALUES
(19, 13137951, '', 'Juan', '', 'Zuñiga', '', '1978-11-24', 40, 1, 1, 'e52f522e8d7de904b9492cde0241d445', 1, 'No', 16, 20, 1, 19, 1, 1),
(20, 17720914, 'a17720914', 'Sinai', '', 'Guerrero', '', '2024-03-13', 41, 2, 1, '7240862c063e6be6dbe069d5327feff7', 3, 'No', 16, 21, 1, 19, 1, 1);

-- --------------------------------------------------------

--
-- Estructura de tabla para la tabla `z_data_hostel`
--

CREATE TABLE `z_data_hostel` (
  `id_data_hostel` int(16) NOT NULL,
  `a_phone_hostel` varchar(20) DEFAULT NULL,
  `b_phone_hostel` varchar(20) DEFAULT NULL,
  `c_phone_hostel` varchar(20) DEFAULT NULL,
  `a_web_hostel` varchar(40) DEFAULT NULL,
  `b_web_hostel` varchar(40) DEFAULT NULL,
  `reg_number_hostel` varchar(20) DEFAULT NULL,
  `ranking_hostel` varchar(9) DEFAULT NULL,
  `a_email_hostel` varchar(40) DEFAULT NULL,
  `b_email_hostel` varchar(40) DEFAULT NULL,
  `c_email_hostel` varchar(40) DEFAULT NULL
) ENGINE=InnoDB DEFAULT CHARSET=utf8 COLLATE=utf8_spanish_ci;

--
-- Volcado de datos para la tabla `z_data_hostel`
--

INSERT INTO `z_data_hostel` (`id_data_hostel`, `a_phone_hostel`, `b_phone_hostel`, `c_phone_hostel`, `a_web_hostel`, `b_web_hostel`, `reg_number_hostel`, `ranking_hostel`, `a_email_hostel`, `b_email_hostel`, `c_email_hostel`) VALUES
(18, '', '', '', '', '', '', '1', '', '', ''),
(19, '04241198683', '222', '222', 'Av Casanova con Calle Villaflor', '222', '222', '22', 'jczhotbull@gmail.com', 'jczhotbull@gmail.com', 'jczhotbull@gmail.com'),
(20, '04241198683', '04241198683', '87451111', 'Av Casanova con Calle Villaflor', 'Suite SKY2824', 'FLH01', '1', 'jczhotbull@gmail.com', 'jczhotbull@gmail.com', 'jczhotbull@gmail.com');

-- --------------------------------------------------------

--
-- Estructura de tabla para la tabla `z_hostel`
--

CREATE TABLE `z_hostel` (
  `id_hostel` int(11) NOT NULL,
  `name_hostel` varchar(50) NOT NULL,
  `nick_name_hostel` varchar(11) DEFAULT NULL,
  `code_hostel` varchar(20) NOT NULL,
  `id_address` int(16) NOT NULL,
  `id_data_hostel` int(11) DEFAULT NULL,
  `logo_hostel` varchar(60) DEFAULT NULL,
  `selected_hostel` varchar(3) NOT NULL DEFAULT 'No',
  `hostel_was_mod` int(1) NOT NULL DEFAULT 0,
  `hostel_registered_by` int(16) DEFAULT NULL
) ENGINE=InnoDB DEFAULT CHARSET=utf8 COLLATE=utf8_spanish_ci;

--
-- Volcado de datos para la tabla `z_hostel`
--

INSERT INTO `z_hostel` (`id_hostel`, `name_hostel`, `nick_name_hostel`, `code_hostel`, `id_address`, `id_data_hostel`, `logo_hostel`, `selected_hostel`, `hostel_was_mod`, `hostel_registered_by`) VALUES
(16, 'Primer Hostel', '', 'AAAA', 39, 18, NULL, 'No', 0, 19),
(17, 'Sinai Guerrero', '222', '222', 42, 19, NULL, 'No', 0, 19),
(18, 'aaaaa', 'chi', '741677', 43, 20, NULL, 'No', 0, 19);

--
-- Índices para tablas volcadas
--

--
-- Indices de la tabla `country`
--
ALTER TABLE `country`
  ADD PRIMARY KEY (`id_country`);

--
-- Indices de la tabla `nationality`
--
ALTER TABLE `nationality`
  ADD PRIMARY KEY (`id_nationality`);

--
-- Indices de la tabla `quien_y_cuando_per`
--
ALTER TABLE `quien_y_cuando_per`
  ADD PRIMARY KEY (`id_q_y_c_per`);

--
-- Indices de la tabla `roles`
--
ALTER TABLE `roles`
  ADD PRIMARY KEY (`id_rol_per`);

--
-- Indices de la tabla `sex`
--
ALTER TABLE `sex`
  ADD PRIMARY KEY (`id_sex`);

--
-- Indices de la tabla `tb_address`
--
ALTER TABLE `tb_address`
  ADD PRIMARY KEY (`id_address`),
  ADD KEY `country` (`id_country`);

--
-- Indices de la tabla `tb_data_personal`
--
ALTER TABLE `tb_data_personal`
  ADD PRIMARY KEY (`id_data_per`);

--
-- Indices de la tabla `tb_personal`
--
ALTER TABLE `tb_personal`
  ADD PRIMARY KEY (`id_per`),
  ADD KEY `sex` (`id_sex`),
  ADD KEY `nacionality` (`id_nationality`),
  ADD KEY `hostel` (`id_hostel`),
  ADD KEY `address_per` (`id_address`),
  ADD KEY `data_per` (`id_data_per`),
  ADD KEY `roles` (`id_rol_per`);

--
-- Indices de la tabla `z_data_hostel`
--
ALTER TABLE `z_data_hostel`
  ADD PRIMARY KEY (`id_data_hostel`);

--
-- Indices de la tabla `z_hostel`
--
ALTER TABLE `z_hostel`
  ADD PRIMARY KEY (`id_hostel`),
  ADD KEY `address` (`id_address`),
  ADD KEY `data` (`id_data_hostel`);

--
-- AUTO_INCREMENT de las tablas volcadas
--

--
-- AUTO_INCREMENT de la tabla `country`
--
ALTER TABLE `country`
  MODIFY `id_country` int(11) NOT NULL AUTO_INCREMENT, AUTO_INCREMENT=6;

--
-- AUTO_INCREMENT de la tabla `nationality`
--
ALTER TABLE `nationality`
  MODIFY `id_nationality` int(11) NOT NULL AUTO_INCREMENT, AUTO_INCREMENT=7;

--
-- AUTO_INCREMENT de la tabla `quien_y_cuando_per`
--
ALTER TABLE `quien_y_cuando_per`
  MODIFY `id_q_y_c_per` int(48) NOT NULL AUTO_INCREMENT;

--
-- AUTO_INCREMENT de la tabla `roles`
--
ALTER TABLE `roles`
  MODIFY `id_rol_per` int(11) NOT NULL AUTO_INCREMENT, AUTO_INCREMENT=4;

--
-- AUTO_INCREMENT de la tabla `sex`
--
ALTER TABLE `sex`
  MODIFY `id_sex` int(2) NOT NULL AUTO_INCREMENT, AUTO_INCREMENT=3;

--
-- AUTO_INCREMENT de la tabla `tb_address`
--
ALTER TABLE `tb_address`
  MODIFY `id_address` int(64) NOT NULL AUTO_INCREMENT, AUTO_INCREMENT=44;

--
-- AUTO_INCREMENT de la tabla `tb_data_personal`
--
ALTER TABLE `tb_data_personal`
  MODIFY `id_data_per` int(16) NOT NULL AUTO_INCREMENT, AUTO_INCREMENT=22;

--
-- AUTO_INCREMENT de la tabla `tb_personal`
--
ALTER TABLE `tb_personal`
  MODIFY `id_per` int(11) NOT NULL AUTO_INCREMENT, AUTO_INCREMENT=21;

--
-- AUTO_INCREMENT de la tabla `z_data_hostel`
--
ALTER TABLE `z_data_hostel`
  MODIFY `id_data_hostel` int(16) NOT NULL AUTO_INCREMENT, AUTO_INCREMENT=21;

--
-- AUTO_INCREMENT de la tabla `z_hostel`
--
ALTER TABLE `z_hostel`
  MODIFY `id_hostel` int(11) NOT NULL AUTO_INCREMENT, AUTO_INCREMENT=19;

--
-- Restricciones para tablas volcadas
--

--
-- Filtros para la tabla `tb_address`
--
ALTER TABLE `tb_address`
  ADD CONSTRAINT `country` FOREIGN KEY (`id_country`) REFERENCES `country` (`id_country`) ON UPDATE CASCADE;

--
-- Filtros para la tabla `tb_personal`
--
ALTER TABLE `tb_personal`
  ADD CONSTRAINT `address_per` FOREIGN KEY (`id_address`) REFERENCES `tb_address` (`id_address`) ON DELETE CASCADE ON UPDATE CASCADE,
  ADD CONSTRAINT `data_per` FOREIGN KEY (`id_data_per`) REFERENCES `tb_data_personal` (`id_data_per`) ON DELETE CASCADE ON UPDATE CASCADE,
  ADD CONSTRAINT `hostel` FOREIGN KEY (`id_hostel`) REFERENCES `z_hostel` (`id_hostel`) ON UPDATE CASCADE,
  ADD CONSTRAINT `nationality` FOREIGN KEY (`id_nationality`) REFERENCES `nationality` (`id_nationality`) ON UPDATE CASCADE,
  ADD CONSTRAINT `roles` FOREIGN KEY (`id_rol_per`) REFERENCES `roles` (`id_rol_per`) ON UPDATE CASCADE,
  ADD CONSTRAINT `sex` FOREIGN KEY (`id_sex`) REFERENCES `sex` (`id_sex`) ON UPDATE CASCADE;

--
-- Filtros para la tabla `z_hostel`
--
ALTER TABLE `z_hostel`
  ADD CONSTRAINT `address` FOREIGN KEY (`id_address`) REFERENCES `tb_address` (`id_address`) ON DELETE CASCADE ON UPDATE CASCADE,
  ADD CONSTRAINT `data` FOREIGN KEY (`id_data_hostel`) REFERENCES `z_data_hostel` (`id_data_hostel`) ON DELETE CASCADE ON UPDATE CASCADE;
COMMIT;

/*!40101 SET CHARACTER_SET_CLIENT=@OLD_CHARACTER_SET_CLIENT */;
/*!40101 SET CHARACTER_SET_RESULTS=@OLD_CHARACTER_SET_RESULTS */;
/*!40101 SET COLLATION_CONNECTION=@OLD_COLLATION_CONNECTION */;
